TEAM,RK,CONF,RECORD,ADJOE,ADJDE,BARTHAG,WAB,ADJT,EFG_O,EFG_D,FTR,FTRD,ORB,DRB,TOR,TORD,3P_O,3P_D,2P_O,2P_D
Connecticut,1,BE,37-3,127.96555621022074,91.27109570944104,0.9798887624383481,11.237101359702013,64.64591569800653,56.89999999999999,44.4,31.9,31.1,36.7,26.700000000000003,14.499999999999998,16.0,35.8,31.2,59.1,43.2
Houston,2,B12,32-5,119.6421505946339,86.4804203623381,0.9766322318708202,9.953073337350181,63.43883674141691,50.3,44.0,30.8,39.4,36.8,31.2,13.8,24.4,34.8,30.1,49.2,43.1
Purdue,3,B10,34-5,126.01964010305903,94.4613177531906,0.9649345706291206,10.6251218121472,67.1071590089436,55.8,47.5,41.3,22.0,37.7,24.3,16.400000000000002,13.7,40.4,31.5,53.3,47.7
Auburn,4,SEC,27-8,121.0110306494791,93.07229375542927,0.9534166730919976,5.211273980236317,69.97215943017838,54.2,43.7,38.3,41.5,32.9,30.2,15.1,18.1,35.2,30.2,55.1,42.9
Iowa St.,5,B12,29-8,113.61171376551712,87.66897824717114,0.9517089397610746,6.274174002979452,67.35058311670159,52.0,47.4,35.4,34.8,31.1,29.4,15.4,25.3,35.8,31.5,51.2,47.4
Arizona,6,P12,27-9,120.50796085031624,93.26607455472285,0.9501207025467385,4.852626856740572,72.3104550034627,54.50000000000001,48.4,36.4,25.9,35.6,23.3,16.0,18.0,36.6,32.9,54.4,47.7
Tennessee,7,SEC,27-9,115.91256199989652,90.44242747806703,0.9454947030364632,5.601465982478101,69.1943405187836,51.1,45.3,33.7,35.699999999999996,32.2,28.199999999999996,14.499999999999998,18.5,34.4,31.2,50.8,44.3
Duke,8,ACC,27-9,121.26508516490077,95.47300060421287,0.9399166034266804,3.5182139423989613,66.49878248610447,54.6,48.6,34.300000000000004,28.1,32.0,25.9,14.4,16.900000000000002,37.7,31.8,53.5,49.0
North Carolina,9,ACC,29-8,119.19096656451055,94.27372662989436,0.9368512205477193,6.988173861459513,70.4932432200289,51.5,46.7,36.2,28.199999999999996,33.0,23.7,14.099999999999998,14.8,35.9,32.0,50.2,46.0
Creighton,10,BE,25-10,121.67812966584222,97.05670960254923,0.9308592686965402,4.3946062351602695,66.72952802519823,57.3,46.3,24.7,16.0,26.1,24.9,15.4,11.0,36.8,32.3,59.2,45.5
Marquette,11,BE,27-10,118.6292463716108,94.87339843079079,0.9288915970027047,6.551552883577029,69.0772262901374,55.00000000000001,49.8,25.5,26.9,25.7,30.8,14.3,21.1,35.2,33.7,56.6,49.3
Gonzaga,12,WCC,27-8,123.55076132174965,99.0676964710311,0.9268825472628318,2.3891079645859223,68.82575563758506,56.99999999999999,47.3,30.7,25.2,33.2,27.700000000000003,14.000000000000002,16.1,36.2,34.1,58.3,45.1
Illinois,13,B10,29-9,125.70179521397165,101.07120505289721,0.9247008877212283,5.556203749777929,69.70001891925206,53.6,48.0,37.1,26.700000000000003,35.6,26.3,15.0,12.3,34.9,34.1,54.4,46.8
Alabama,14,SEC,25-12,126.06481108567047,102.48482938036989,0.9154006858977867,3.3064072921415457,72.34665916079025,56.3,49.7,35.3,38.8,34.9,30.9,15.9,15.2,37.3,31.7,56.7,50.9
Saint Mary's,15,WCC,26-8,115.34944831945307,94.08274299409803,0.9124244122580558,1.4232855477745407,62.45665766713147,52.8,45.1,28.000000000000004,33.4,38.7,22.3,16.0,16.7,35.3,32.3,52.7,43.8
St. John's,16,BE,20-13,120.09168984482089,98.54632724568782,0.9066906354214351,0.47090424630369737,69.33628223057752,50.9,49.5,27.3,34.4,38.6,30.3,15.7,18.5,34.1,35.0,50.8,47.9
Baylor,17,B12,24-11,122.55171289020018,100.95822692703078,0.9028238261961842,4.472002255601566,65.84302018788307,55.7,51.4,40.2,31.2,35.0,26.9,17.7,17.0,39.5,33.4,53.5,52.1
Michigan St.,18,B10,20-15,113.32857028532095,93.48397053141119,0.9014788338723426,-0.1905655859761637,65.36190945702477,51.6,48.0,29.299999999999997,32.4,29.799999999999997,28.499999999999996,15.0,18.5,36.2,32.6,50.5,47.4
Texas,19,B12,21-13,116.62225812450205,96.5263679753402,0.8979750823448804,0.660316422988845,67.36116247143681,53.0,48.1,30.2,34.0,29.9,30.1,16.900000000000002,18.8,35.4,33.5,53.1,47.0
Clemson,20,ACC,24-12,117.65492234298543,97.40063443549914,0.8977634282073309,1.0401844577447132,66.28035420680041,53.900000000000006,48.2,30.7,32.1,27.200000000000003,26.6,14.8,13.900000000000002,35.1,33.1,54.6,47.1
Kansas,21,B12,23-11,113.74546002434317,94.22103899081867,0.8971245724011099,3.771395524246808,69.00739493580396,53.5,48.3,32.5,28.499999999999996,25.7,26.5,16.5,16.5,33.6,34.6,54.7,45.8
Florida,22,SEC,24-12,120.54652075567994,100.18170996936874,0.8936022389545543,2.7714146110701936,71.80798700609603,51.8,49.3,38.4,34.8,37.3,28.799999999999997,15.7,14.499999999999998,34.5,32.6,51.8,49.5
Colorado,23,P12,26-11,118.3019597362198,98.62141501788963,0.89016689092368,1.67672738967399,67.6924509516983,55.400000000000006,49.7,35.099999999999994,27.3,32.0,24.7,18.1,15.2,39.1,32.1,54.0,50.6
BYU,24,B12,23-11,119.83586271882194,99.94261450378505,0.8896880406521813,2.3056021035322014,69.08243960331933,54.8,48.2,25.4,32.0,32.800000000000004,24.6,15.3,16.0,34.8,32.0,57.5,48.3
Wisconsin,25,B10,22-14,118.82422470359302,99.139011274332,0.889230616600553,2.9003279250468537,65.24703551375762,52.2,52.0,33.800000000000004,33.800000000000004,30.2,24.5,14.9,16.900000000000002,34.9,36.9,52.2,50.2
Nebraska,26,B10,23-11,115.98361417628526,96.85674714769252,0.8881997150363132,1.950103597212981,68.9557575449277,53.1,46.7,32.6,27.700000000000003,27.6,30.3,15.8,16.2,35.7,32.5,52.8,45.2
Kentucky,27,SEC,23-10,122.72764314393217,102.65829052567518,0.886296734029275,2.788661495316401,72.51184068640677,57.2,49.6,30.4,33.5,28.9,30.3,14.2,15.9,40.9,33.2,54.7,49.4
San Diego St.,28,MWC,26-11,111.96936539928889,94.1426984569789,0.880192729753433,2.171981643903003,66.16862646914544,49.9,47.3,36.7,33.1,32.7,28.7,16.2,18.1,31.5,31.0,51.5,47.8
New Mexico,29,MWC,26-10,113.89777159524951,95.98224888820477,0.8774055375794985,1.484534182442311,72.8399610524179,50.5,48.1,33.2,33.4,33.5,27.0,14.000000000000002,19.3,32.7,30.7,51.1,49.2
Pittsburgh,30,ACC,22-11,116.72503475017673,98.84585999636354,0.8712417381725734,0.6116226079549896,65.92538571894671,51.6,49.0,30.5,30.5,31.0,23.799999999999997,13.4,16.6,35.7,30.8,50.0,50.8
Villanova,31,BE,18-16,110.43926261293201,93.79654915443433,0.8674252736531334,-1.1509840698752065,63.65671607741744,50.6,48.3,26.8,26.0,24.9,24.3,14.7,16.2,33.8,32.8,50.5,47.6
Texas Tech,32,B12,23-11,116.8871982398248,99.31459608502288,0.8668677259465286,2.7811223477405367,66.54098059642851,52.6,49.2,34.2,27.200000000000003,30.2,30.3,16.5,17.0,35.9,32.2,51.6,49.8
Texas A&M,33,SEC,21-15,117.70431193612524,100.02500544712761,0.8666534206471199,-0.058298361257052345,66.12206401624454,45.7,50.5,38.6,31.9,42.2,27.9,14.099999999999998,16.7,29.3,33.8,46.8,50.3
Mississippi St.,34,SEC,21-14,112.26156183704387,95.50554708982541,0.8651736638968434,0.5891841767808124,67.14833429781815,51.4,48.0,37.4,31.8,35.4,27.9,18.9,18.4,32.2,29.8,53.4,50.3
Wake Forest,35,ACC,21-14,116.99526514733228,99.73942307371934,0.8623661639176516,-1.04707667320923,68.27639801019151,54.2,49.1,32.0,30.1,26.4,25.8,15.4,16.400000000000002,36.4,33.1,54.0,48.9
Nevada,36,MWC,26-8,115.01286580353035,98.09926034580754,0.8616709231790182,2.4564421540288026,66.8629794690027,53.2,48.4,45.0,34.2,27.3,26.9,15.2,17.4,36.4,31.6,52.5,49.1
Northwestern,37,B10,22-12,115.66075750220492,98.82715253592085,0.8592196399758717,1.1090132974855336,64.03210177961611,52.6,51.5,29.2,39.3,25.8,27.800000000000004,13.4,18.8,39.0,34.5,49.2,51.4
Seton Hall,38,BE,25-12,113.12569605815443,96.89594229330966,0.8558094416786816,0.8938071681763178,66.57089432528994,50.4,49.2,30.9,25.6,35.199999999999996,29.1,18.4,17.9,33.6,33.0,50.4,49.0
Washington St.,39,P12,25-10,112.84476053288458,96.71768499732215,0.8548915507169432,1.8320101537186657,64.83667136216093,51.8,47.2,31.6,32.300000000000004,32.9,25.0,16.400000000000002,15.7,33.9,32.5,52.2,46.5
Utah,40,P12,22-15,114.17238255259034,97.87052385210083,0.8546734467595215,-1.2358301962081706,69.90131960212005,54.400000000000006,48.8,27.1,26.0,27.500000000000004,25.8,16.1,14.099999999999998,36.9,33.6,53.6,48.0
Ohio St.,41,B10,22-14,115.03675974724307,98.68484924548656,0.8536079104843652,-0.601081357086825,66.19518963208598,50.9,48.7,33.6,29.9,31.4,28.499999999999996,15.5,15.9,34.4,34.6,50.5,47.0
Indiana St.,42,MVC,32-7,119.60917726102241,102.69677067616678,0.8523512219772854,1.8624222838570077,70.72575526686217,59.8,49.9,33.1,25.9,23.6,23.3,16.2,15.5,38.1,34.7,62.4,48.8
Colorado St.,43,MWC,25-11,112.78841797647222,96.84670529640977,0.8522576847257084,1.1035670766629764,66.0491927338462,54.2,48.5,31.8,31.7,24.6,26.9,15.4,16.6,33.0,33.0,57.0,48.0
Boise St.,44,MWC,22-11,113.67431850022294,97.77949904699935,0.8496884435948197,0.6571749316053898,66.48292699649855,51.0,49.8,35.099999999999994,33.1,32.9,23.1,16.400000000000002,16.900000000000002,34.2,30.5,50.8,52.1
Cincinnati,45,B12,22-15,111.30207281506088,95.74837234347905,0.8495439815863953,-1.376582474196927,67.38582738605011,50.3,47.7,27.6,29.1,36.2,25.3,17.299999999999997,17.299999999999997,33.0,33.6,50.8,46.3
TCU,46,B12,21-13,113.99320861449871,98.15870241819282,0.8481111704425874,0.850507385991176,70.00369652641847,51.5,50.7,35.0,35.4,35.9,28.4,18.0,20.6,35.4,33.0,50.8,51.3
Dayton,47,A10,25-8,116.73965436806907,100.60146147751672,0.8469613009768913,2.3210097709331676,64.18668769839971,56.2,48.3,36.7,21.9,26.4,28.6,16.0,15.9,39.9,32.0,53.4,48.5
North Carolina St.,48,ACC,26-15,114.22984067643104,99.1079950288902,0.836584047042093,-0.42435535652241496,67.73412566101771,50.7,49.5,32.0,31.5,28.199999999999996,29.1,13.8,17.5,34.4,33.6,50.2,49.0
Oklahoma,49,B12,20-12,113.08768289052065,98.4107318203709,0.8318305328559088,0.5922827773587441,67.22541413900757,53.1,47.4,37.7,31.1,30.1,26.200000000000003,18.1,16.5,34.5,29.9,53.9,48.9
South Carolina,50,SEC,26-8,114.98026803514458,100.11409618192738,0.8309219451391452,4.726936072910387,63.22270179888983,50.9,48.4,31.8,31.6,32.800000000000004,27.9,15.5,14.9,33.9,33.9,50.9,47.3
Drake,51,MVC,28-7,114.77094774972736,100.09795044021361,0.8282216008864933,1.6235276418210938,67.92763900773544,54.7,50.8,32.300000000000004,31.3,24.1,22.5,13.8,17.5,36.4,33.3,54.8,51.3
Oregon,52,P12,24-12,114.20155865569231,99.67511839342689,0.8270069877188208,1.3434342734151956,67.1756368564193,51.9,51.5,32.0,32.300000000000004,28.6,27.3,14.7,17.8,33.8,34.9,52.6,51.0
Virginia Tech,53,ACC,19-15,115.8003328026507,101.3130431286167,0.8230283656956541,-2.146388807152107,67.90364155104831,53.8,51.0,33.0,30.2,25.0,26.200000000000003,16.2,16.900000000000002,34.8,33.8,54.8,51.1
Iowa,54,B10,19-15,119.50808073532716,104.64548617584308,0.8216058369297289,-0.7115429047033983,71.92146459528462,52.900000000000006,52.2,33.1,32.9,27.4,30.3,13.2,16.400000000000002,35.1,35.8,52.9,51.4
Florida Atlantic,55,Amer,25-9,116.6516318035284,102.46745886800463,0.8162189003603291,1.1410548864565089,68.1143617122003,54.7,49.6,34.8,27.3,33.5,29.299999999999997,16.2,16.400000000000002,35.1,33.6,56.0,49.2
Providence,56,BE,21-14,108.67178435997727,95.46586179552449,0.8160752589264818,0.7452539839856083,67.68875833267657,51.5,47.5,31.8,27.700000000000003,27.0,27.800000000000004,17.5,17.0,32.5,34.3,53.7,45.5
Butler,57,BE,18-15,112.58102868578094,98.90591197940681,0.8159729333883602,-0.8505069980222704,68.54647866842235,51.9,50.0,26.700000000000003,22.3,26.3,28.999999999999996,15.4,16.0,35.0,32.4,51.5,50.9
Utah St.,58,MWC,28-7,114.85205946921391,101.29899370060198,0.8090789344690644,3.091812872686469,68.76924761487349,54.0,49.8,39.0,30.6,27.800000000000004,26.6,15.5,16.400000000000002,32.5,29.7,56.7,52.8
Washington,59,P12,17-15,114.71196917969691,101.33392374062319,0.8062829293029588,-3.617050030970285,71.22160284486917,53.5,50.1,32.1,33.1,27.1,28.9,15.9,15.8,35.4,33.7,53.8,49.9
Bradley,60,MVC,23-12,111.57601502334548,98.83013595074178,0.8013877676446389,-3.4821774843169386,66.33413662350317,55.1,47.599999999999994,27.500000000000004,35.099999999999994,28.1,28.199999999999996,18.1,18.3,37.0,33.0,54.9,46.5
Xavier,61,BE,16-18,111.70261137150192,99.03449661818209,0.7996768998754081,-1.998979712305526,71.11800622346705,49.1,49.5,31.8,29.7,31.9,28.999999999999996,16.400000000000002,16.0,34.2,33.4,48.1,49.2
Virginia,62,ACC,23-11,104.0957942682191,92.33498092742053,0.7987850095868069,1.554334382033465,60.15904309742229,48.6,46.6,25.3,25.8,25.6,28.1,13.0,19.4,35.8,30.5,46.2,47.2
Grand Canyon,63,WAC,30-5,111.20213684114634,98.81752365053414,0.7954114119564647,1.4473248350211727,68.32582993007368,51.4,45.8,46.7,34.1,34.1,30.2,17.8,19.8,33.5,32.1,52.1,44.5
North Texas,64,Amer,19-15,110.57843908940495,98.76569172888878,0.7857020898538154,-5.961663622807537,61.58784232924047,50.8,48.0,28.799999999999997,38.6,34.0,32.0,17.7,19.5,37.7,33.5,47.1,46.8
San Francisco,65,WCC,23-11,109.90465952192032,98.25530739261436,0.7838941869405116,-2.388184571933583,67.14969337524703,55.00000000000001,49.5,23.5,37.9,29.1,24.3,16.8,19.8,35.1,34.3,56.6,48.3
UCF,66,B12,17-16,106.57130467580114,95.29783896595096,0.7834324398408345,-3.048374951489881,68.69154886843964,47.8,47.9,37.2,39.5,32.9,26.9,18.0,20.4,32.2,34.0,47.5,45.9
SMU,67,Amer,20-13,112.09973869387755,100.39210400696936,0.7804880168799927,-4.43288072776496,67.5983700888028,51.0,47.2,28.799999999999997,34.0,38.3,31.3,16.5,18.7,34.7,32.1,50.4,46.6
Maryland,68,B10,16-17,106.07139296350363,95.1147457183653,0.7779615084029232,-4.47146563217995,65.52930786203486,46.7,46.7,40.8,33.5,31.7,29.1,17.5,18.8,28.9,32.8,48.8,45.7
Kansas St.,69,B12,19-15,107.90603502756605,96.80151242309202,0.7771057704963453,-0.2864248081859784,67.51685632799568,50.2,46.8,38.3,33.1,32.4,30.5,21.2,16.0,31.8,31.2,51.9,46.8
USC,70,P12,15-18,110.54955460871619,99.22664209023665,0.7760265652969413,-5.155606672809007,68.25404116430917,51.7,50.2,33.6,31.6,28.999999999999996,32.2,17.9,18.8,35.5,36.5,50.7,47.4
Syracuse,71,ACC,20-12,112.33441685699827,100.83674824791382,0.7758668228060446,0.16542280540587817,70.87181944195373,51.3,52.8,34.1,26.6,24.1,31.8,15.9,20.1,33.4,34.7,51.9,53.2
UNLV,72,MWC,21-13,112.15907203290985,100.91180426296685,0.7712211326997384,-2.8107142041679576,65.4256083920904,51.7,50.0,33.2,29.6,29.6,31.4,16.2,17.7,33.7,32.5,52.3,50.9
Georgia,73,SEC,20-17,109.66924409241201,98.68596009915723,0.7709268619569375,-3.9077744973086896,68.83009066570976,49.8,49.8,36.6,29.299999999999997,27.1,30.5,16.1,16.1,34.0,33.1,49.0,49.8
James Madison,74,SB,32-4,111.84175777657525,100.69942543409314,0.7697440187647054,1.37456221884087,69.87832915562659,53.900000000000006,47.2,34.9,35.099999999999994,31.8,27.700000000000003,14.9,19.7,36.0,29.7,53.8,48.6
Penn St.,75,B10,16-17,110.22682488681137,99.57453166032941,0.7629261255934784,-4.983042105426088,69.91186530055565,50.3,50.2,35.3,36.3,26.8,32.2,15.7,20.7,33.4,30.3,50.5,52.5
Boston College,76,ACC,20-16,112.91044256280668,102.12946891851715,0.7602529807928629,-3.369996760469454,67.02151238854663,52.5,50.5,25.0,28.1,27.3,26.3,15.3,15.7,36.2,34.6,51.4,49.6
Minnesota,77,B10,19-15,113.8103790073887,103.1187896813399,0.7566682450437987,-2.8609051500600593,66.63857434653511,54.1,50.4,34.699999999999996,29.6,30.7,28.799999999999997,17.7,16.0,35.5,35.9,54.6,48.9
Duquesne,78,A10,25-12,107.01267195624723,97.04237531048295,0.7548584449509671,-2.101514651631712,66.14925937601926,50.0,48.5,32.5,35.0,29.799999999999997,30.3,17.4,19.2,33.9,31.8,49.4,49.0
Mississippi,79,SEC,20-12,113.5573413307823,103.0095392480181,0.7541913439058157,-0.5370376834893023,66.85200260301409,51.2,50.2,35.099999999999994,32.300000000000004,30.1,36.2,15.7,18.1,36.6,33.8,49.2,50.0
Richmond,80,A10,23-10,107.02105310307665,97.39742473954946,0.7471740279316599,-0.9395401755731404,66.74189298571322,52.7,46.9,27.6,26.6,17.299999999999997,26.6,12.8,17.1,36.2,31.4,51.8,46.8
Florida St.,81,ACC,17-16,110.73511409817567,100.78520965023836,0.7470079588966846,-3.2096996316000546,71.01526790829095,50.3,52.2,36.8,41.0,28.499999999999996,32.800000000000004,16.400000000000002,20.7,31.7,35.4,51.5,51.6
VCU,82,A10,24-14,108.03824688194882,98.39376157017286,0.7456112678039678,-4.140172233136685,65.48142394678032,51.8,46.8,35.0,34.1,27.800000000000004,26.9,18.2,16.7,35.3,31.3,50.9,46.7
Indiana,83,B10,19-14,109.99380552331088,100.18181415363354,0.7454574040192682,-0.40687565487395316,68.56517897852892,52.1,49.0,37.7,31.6,26.9,29.7,17.5,14.9,32.4,34.3,53.4,47.4
South Florida,84,Amer,25-8,110.51509220493796,101.01304727607013,0.7376669657284098,-0.8352577210798668,67.97087318473584,51.8,47.9,37.8,34.599999999999994,28.199999999999996,30.5,15.6,18.5,36.7,31.5,49.5,48.2
Miami FL,85,ACC,15-17,110.66828198368492,101.21787045647648,0.7362391972880985,-5.055713795450204,68.80058319852363,52.7,51.0,24.6,22.3,28.7,28.499999999999996,17.2,16.6,36.1,33.3,51.6,52.0
LSU,86,SEC,17-16,110.83516764568151,101.40168423463189,0.7355518510670063,-3.223787784666119,69.95996842854092,52.3,49.7,38.3,33.7,30.7,31.4,18.6,18.2,35.7,33.5,51.5,49.4
McNeese St.,87,Slnd,30-4,110.98309605051034,101.6325137748255,0.7334437477631317,0.5668232538252461,65.53753795584852,54.2,48.3,40.1,33.7,31.9,30.6,14.000000000000002,22.9,38.7,33.4,52.2,46.6
UCLA,88,P12,16-17,107.97750863894488,98.95518424769494,0.7317349200639093,-5.255973144615153,63.177619396258336,46.6,50.1,35.8,35.8,29.9,28.299999999999997,16.5,18.1,33.3,33.7,45.2,49.7
Samford,89,SC,29-6,112.51512124002284,103.13707416006882,0.7312217519986819,0.025110009443135572,72.82861022276809,56.8,50.5,36.2,37.3,30.1,31.9,17.8,21.7,39.5,33.8,55.0,50.3
Memphis,90,Amer,22-10,111.88866599814403,102.70324348367366,0.7281184375598728,-1.1117436812876644,71.71653731319665,52.8,50.0,36.3,29.6,33.4,33.6,18.0,19.1,35.0,34.0,52.9,49.3
Loyola Chicago,91,A10,23-10,104.72018714886033,96.2394119975391,0.7253603893542186,-1.636178228379534,68.68898270427675,51.5,46.400000000000006,33.4,36.5,27.500000000000004,25.2,18.6,17.8,34.9,34.1,51.0,43.8
UC Irvine,92,BW,24-10,108.83092740333512,100.11147262623673,0.7231977831587509,-2.8552235884714463,68.52369957787374,51.8,46.400000000000006,34.0,35.199999999999996,31.4,27.4,16.7,17.4,34.9,33.8,51.6,44.6
Yale,93,Ivy,23-10,109.90772324884794,101.12593366765097,0.7226524622443189,-2.713087749333554,64.90649596564194,52.1,50.4,27.800000000000004,29.4,27.800000000000004,24.2,14.3,16.2,35.0,34.5,51.9,49.4
Louisiana Tech,94,CUSA,22-10,108.11390663440903,99.49625945278771,0.7221699879323626,-4.369744464032975,65.75647693855822,50.6,45.6,42.0,32.0,33.800000000000004,28.000000000000004,18.8,17.599999999999998,35.7,33.5,49.0,43.0
Saint Joseph's,95,A10,21-14,110.41881177564588,101.6528403506749,0.7213656670479299,-4.734182518645298,68.4290234869268,53.0,49.0,28.7,28.7,29.1,29.1,16.5,17.599999999999998,35.2,33.0,53.0,48.6
Massachusetts,96,A10,20-11,111.17149494850867,102.3893643372665,0.7203802192273673,-4.80956831383094,68.39822427569594,50.6,48.5,35.8,38.6,36.5,30.1,16.0,18.9,31.3,33.5,52.6,47.5
Princeton,97,Ivy,24-5,114.71113804348794,105.71210167406215,0.7190035186872688,0.9878135659817263,65.25646202464306,54.6,52.0,28.299999999999997,25.1,23.9,24.7,12.0,16.900000000000002,35.2,33.2,56.5,53.5
George Mason,98,A10,20-12,108.96257022343566,100.65154649460275,0.713492867319752,-4.778134848050109,63.914430403036974,52.0,48.0,36.7,31.8,31.7,27.4,18.1,16.400000000000002,34.3,34.8,52.3,45.0
College of Charleston,99,CAA,27-8,113.76496743128106,105.48583622293812,0.704520156774397,-1.7317007808506413,70.30218441185329,52.2,51.2,27.200000000000003,29.299999999999997,33.7,26.4,14.3,16.2,34.7,34.5,52.5,50.8
Appalachian St.,100,SB,27-7,106.61361546836079,99.28403311545848,0.6940461841494623,-1.2131341855839592,66.96373647058387,52.7,45.4,31.6,20.7,29.4,27.800000000000004,15.2,14.499999999999998,33.2,32.1,53.9,44.0
Belmont,101,MVC,20-13,109.52542261921975,102.2053126426856,0.6890088972427123,-5.284077178531773,71.25485386199979,55.00000000000001,51.1,30.3,27.0,21.0,27.500000000000004,16.7,16.400000000000002,37.2,33.0,54.5,52.2
Stanford,102,P12,14-18,110.01097084209462,102.83030198132639,0.6848713900374682,-7.131941773562173,69.65695397786999,54.3,51.9,28.6,25.3,23.200000000000003,27.3,17.8,15.5,36.9,35.7,53.6,50.9
Arkansas,103,SEC,16-17,110.04665516315318,102.90541940422153,0.6838630589526831,-4.933233185636078,70.7403813920396,50.5,50.4,45.3,39.0,25.2,29.799999999999997,16.3,15.1,31.8,33.9,51.8,50.1
St. Bonaventure,104,A10,20-13,111.23599299494148,104.16141405321505,0.6804174541481272,-5.05651910387617,65.54080798999968,52.3,51.1,32.2,33.900000000000006,29.7,28.499999999999996,16.2,19.2,36.5,33.5,50.8,51.8
Rutgers,105,B10,15-17,98.34041718463222,92.09748100423292,0.68010543667125,-3.8547108881133454,67.90481619085115,43.5,47.2,32.9,34.300000000000004,30.2,31.3,16.6,21.7,28.7,32.7,43.7,46.0
Northern Iowa,106,MVC,19-14,109.30451889956333,102.51473669354323,0.6764508026500785,-5.1494821670557,66.59709427376335,51.6,52.2,37.4,30.5,23.9,22.5,15.2,16.5,34.1,35.0,51.9,52.0
Charlotte,107,Amer,19-12,108.68271126114931,102.14038350209876,0.671278317647665,-5.083516407243732,62.559281655066364,50.8,48.5,35.199999999999996,31.5,26.1,28.999999999999996,15.5,15.2,31.3,31.1,53.2,49.5
UAB,108,Amer,23-12,113.1966364534903,106.57062686349018,0.666781288178382,-2.789677379873898,67.74931768736356,50.0,51.0,40.6,31.5,35.4,31.3,16.8,16.2,33.1,34.8,50.1,50.2
Hofstra,109,CAA,20-13,108.44340920461232,102.1065711119466,0.6665074677838425,-6.501886749272313,65.71276140427261,55.400000000000006,49.0,22.3,28.999999999999996,22.9,29.7,15.7,17.7,36.8,34.6,55.5,46.9
Oklahoma St.,110,B12,12-20,108.78345345485442,102.48822961072472,0.6649717584371396,-8.156777136214952,67.20240530954013,51.3,51.3,34.0,27.6,27.500000000000004,28.499999999999996,18.8,16.8,33.4,34.0,52.2,51.5
Cornell,111,Ivy,22-8,112.0322473040633,105.78312360257905,0.6592718929605325,-1.688307446150881,71.63997410508779,56.49999999999999,51.3,28.000000000000004,32.5,26.8,31.7,17.0,18.3,34.0,33.6,61.7,52.0
Western Carolina,112,SC,22-10,108.09144370625026,102.15360814941178,0.656953934726869,-5.403746688903072,66.92805771691935,51.7,47.2,27.700000000000003,32.4,29.1,24.2,14.7,13.3,36.8,33.9,49.8,45.5
Vermont,113,AE,28-7,104.29237939761765,98.74343310669636,0.6522046197161335,-1.351574921718645,63.316627197088934,51.6,46.8,29.2,26.8,22.3,23.5,13.900000000000002,15.1,33.3,31.5,52.9,46.5
UT Arlington,114,WAC,20-14,109.29554659495562,103.53315813097574,0.6508739069782113,-6.294524488895659,70.87569317836424,52.1,49.0,39.0,42.0,32.800000000000004,29.4,21.5,18.6,35.4,34.6,51.3,47.4
Seattle,115,WAC,23-14,104.45670305261004,99.33977250496756,0.6405164468882443,-8.237677844692433,66.82946996795167,50.7,46.3,34.599999999999994,35.8,29.9,25.6,18.4,17.4,34.5,29.1,50.1,47.7
Southern Illinois,116,MVC,19-13,108.8140835379257,103.57992873202687,0.6380516628790953,-6.402886159584212,64.33566735372376,52.5,50.1,35.9,36.5,26.1,25.6,16.8,16.2,34.3,30.4,53.4,52.1
Santa Clara,117,WCC,20-13,108.70887631625254,103.50794262595701,0.6373287055314262,-4.002726330280731,69.15221880230423,52.3,48.4,31.6,33.300000000000004,34.1,26.1,18.2,14.4,34.5,31.7,52.6,48.9
Michigan,118,B10,8-24,110.2120038964263,104.95482529955773,0.6369317473469627,-9.58600081400039,67.51278249670455,51.1,52.5,32.0,30.5,30.7,30.4,18.6,13.7,35.9,36.1,49.5,51.7
California,119,P12,13-19,108.01481167349763,103.18473557316682,0.6285719819843062,-7.630958418028208,68.49743010501977,49.2,51.3,29.2,33.1,28.6,26.700000000000003,16.2,14.7,33.8,35.7,48.0,50.0
Davidson,120,A10,15-17,105.05471199429887,100.38295684884508,0.6278774265460482,-8.882111672250186,65.57963388621842,48.9,49.4,33.5,32.800000000000004,26.1,27.800000000000004,16.3,17.2,30.7,32.8,50.8,49.5
Georgia Tech,121,ACC,14-18,108.60560265278806,103.83941844795956,0.6262328952572715,-5.517239758234627,67.57896747714652,48.7,49.2,29.2,31.6,31.6,28.499999999999996,17.7,12.8,32.6,32.6,48.6,49.5
Troy,122,SB,20-12,106.89171212507944,102.31728952832208,0.6231600012338628,-7.451026318300177,69.73083703301772,50.1,49.8,41.3,39.8,34.8,30.7,19.6,20.8,35.3,35.9,48.2,47.7
High Point,123,BSth,27-9,114.54312170476211,109.73112805458734,0.6209447634564829,-4.27869077009076,68.59673519318295,52.3,50.1,43.2,37.4,36.8,26.1,15.9,13.900000000000002,33.0,34.5,54.0,49.3
Notre Dame,124,ACC,13-20,102.62559406250179,98.45278516262044,0.617126176022005,-7.619893704161429,64.38327187641343,47.599999999999994,48.2,27.9,27.4,28.4,26.700000000000003,19.1,15.2,31.8,32.5,47.5,47.8
Oakland,125,Horz,24-12,108.86231684560576,104.5877518751193,0.6131709922555899,-4.25320591567913,66.59206311668086,51.9,50.6,30.8,26.9,30.4,28.799999999999997,15.9,16.2,35.5,33.9,51.0,50.5
UNC Wilmington,126,CAA,21-10,112.78182252179793,108.44425517044564,0.6108811304231943,-4.7951726950961335,65.21704383178633,51.1,51.7,32.9,33.1,29.9,30.6,12.8,17.1,33.0,35.5,52.1,50.8
Arizona St.,127,P12,14-18,103.32143923938824,99.4980093482757,0.6067409794402693,-5.856928623245833,69.10749835797311,47.3,51.7,33.1,31.2,21.8,29.7,14.8,19.4,30.1,34.0,48.6,52.2
Sam Houston St.,128,CUSA,21-12,105.96466982780171,102.16024972799875,0.603597004910705,-5.843144772774809,67.80222238754214,48.6,49.8,34.699999999999996,37.0,32.0,27.0,18.8,19.0,35.1,32.5,46.5,50.5
Drexel,129,CAA,20-12,107.21297585058717,103.42639085206815,0.6019284764555656,-6.700957596603005,64.57871748124512,50.6,47.8,30.0,26.700000000000003,33.6,24.5,16.5,13.1,34.1,31.4,50.3,48.2
Western Kentucky,130,CUSA,22-12,105.47980202932999,101.78099609846643,0.6012089340097286,-6.640001478120015,75.10276884792559,51.7,48.6,32.1,33.0,28.7,26.700000000000003,18.4,18.4,34.3,32.4,51.8,48.6
Morehead St.,131,OVC,26-9,107.47176203155198,103.86707385911811,0.5968449577464792,-3.4533754691212244,64.31959479744359,54.2,46.400000000000006,30.6,32.300000000000004,31.9,26.5,18.2,15.4,35.3,31.8,55.1,45.8
Missouri,132,SEC,8-24,108.41022037365818,104.96864950161604,0.5916999511338754,-11.439672891703974,66.72382507214446,50.2,51.4,31.7,42.5,26.8,35.8,16.8,18.7,31.9,34.4,51.8,51.2
West Virginia,133,B12,9-23,108.81024782018142,105.3945569833017,0.5906823893877473,-10.077108365333464,68.42815601187813,49.6,52.1,37.1,28.1,26.6,30.4,18.3,15.0,34.9,34.9,47.8,51.9
Wichita St.,134,Amer,15-19,104.94107390439366,101.6846943084804,0.589646756595495,-11.31079031906323,68.21117999692862,49.8,48.5,26.4,28.299999999999997,31.8,28.7,17.8,14.8,33.0,32.7,49.9,48.1
Arkansas St.,135,SB,20-17,112.7497818263098,109.25354068649781,0.5895844321897725,-9.030428258958853,68.0831975693217,51.5,50.5,32.9,34.8,34.5,28.799999999999997,15.9,14.2,34.4,35.2,51.4,49.7
Tarleton St.,136,WAC,25-10,108.48158041508145,105.16189450065225,0.5884140124784675,-2.9241901658205522,66.63891322349852,50.0,50.4,30.4,34.0,30.1,32.7,16.6,20.0,33.3,33.5,50.0,50.4
Akron,137,MAC,24-11,105.16875456712151,101.96602023514541,0.5879885102630926,-4.641973383609374,65.78156816671762,51.7,49.1,32.7,29.4,29.2,25.6,16.900000000000002,16.7,31.7,30.7,54.7,50.8
South Dakota St.,138,Sum,22-13,108.24853107772906,105.19435420201184,0.5815481405161104,-7.646418991698281,67.92998671396859,55.2,51.3,30.1,27.0,24.4,25.1,16.6,16.400000000000002,36.4,35.5,55.6,49.5
UC San Diego,139,BW,21-12,110.82592280011602,107.84606959769049,0.5777250571048219,-6.259639607119192,65.44430617208235,52.3,50.4,32.4,29.5,27.800000000000004,27.800000000000004,14.4,16.900000000000002,34.9,33.6,52.2,50.4
Youngstown St.,140,Horz,22-10,107.06423867756789,104.54437036639659,0.5680502285017938,-6.006377407011869,68.97088157084838,50.4,49.0,29.299999999999997,30.7,33.900000000000006,28.7,15.5,16.5,31.9,34.0,52.2,47.9
UNC Greensboro,141,SC,21-11,109.01454237207665,106.67079262466406,0.5621617025278429,-5.638603854052902,64.8368327316374,53.2,49.5,27.3,35.8,29.299999999999997,30.5,16.3,17.7,38.9,34.3,49.2,48.0
Missouri St.,142,MVC,17-16,104.06404907976017,101.99553454342283,0.5574678279422746,-8.011965363624972,67.8900508728204,49.7,48.0,31.5,24.9,29.1,24.7,17.299999999999997,13.1,31.4,33.0,51.2,47.0
Ohio,143,MAC,20-13,107.92638823992101,105.8606826437566,0.5553332177384249,-9.232181097721405,67.38667839537877,52.2,49.2,32.1,34.699999999999996,28.000000000000004,31.9,14.099999999999998,19.2,35.1,33.8,51.9,48.4
St. Thomas,144,Sum,20-13,106.89481881500672,104.89652755581483,0.5540420135101172,-9.232056240454419,63.00950152532361,54.400000000000006,52.0,29.4,28.999999999999996,24.0,25.5,14.8,18.5,35.7,33.8,55.0,52.8
Toledo,145,MAC,20-12,111.6529245630642,109.56804831236138,0.5539807322497257,-6.483563261396957,69.38014341631313,53.3,54.50000000000001,35.4,26.3,28.999999999999996,28.499999999999996,15.1,18.5,37.7,34.2,52.0,56.4
Wright St.,146,Horz,18-14,115.80697166641289,113.68329911993447,0.5530112768583804,-9.355539974505302,71.51965323746514,58.5,55.3,33.6,30.0,28.9,28.1,16.5,16.3,38.4,37.1,58.8,55.0
Towson,147,CAA,20-14,102.439550835677,100.57361279477826,0.5526550287132873,-7.375894353968872,62.244093392937536,47.3,48.3,34.699999999999996,31.7,39.8,27.200000000000003,19.2,16.900000000000002,32.8,33.3,46.4,47.4
Liberty,148,CUSA,18-14,108.40934508296533,106.50411433519636,0.5507998148488183,-8.266117094642489,64.51944288265557,54.3,50.8,26.700000000000003,30.3,24.5,25.5,16.2,17.0,35.7,32.3,55.0,51.9
Louisiana Lafayette,149,SB,19-14,105.0611875542765,103.21999413062781,0.5506565921748375,-8.65121117757188,68.60980614826322,50.7,49.9,28.6,40.1,30.8,32.9,16.8,20.6,32.6,27.9,51.7,53.7
Tulane,150,Amer,14-17,109.37844914303933,107.49756180871245,0.5497042201254589,-9.56698964881199,72.87896010270568,54.1,51.1,45.5,32.7,20.5,32.7,15.1,17.299999999999997,35.5,34.9,54.5,50.2
Oregon St.,151,P12,13-19,106.40277519797712,104.69586735554748,0.5463609883055409,-7.809049525910289,65.19019023269855,49.8,51.3,35.6,35.9,26.200000000000003,31.1,18.3,16.8,33.1,33.2,49.9,52.3
Furman,152,SC,17-16,108.99311096569346,107.62462609892592,0.5362623900971263,-10.308819662886787,68.9233542469044,52.1,52.900000000000006,31.0,28.499999999999996,29.4,26.6,15.9,16.2,33.2,34.1,54.3,53.9
Wyoming,153,MWC,15-17,108.09656397111269,106.97176055172011,0.5300364595949066,-7.631390779600208,67.22043140340186,50.9,52.8,38.0,27.800000000000004,28.6,29.1,18.5,15.9,36.1,34.4,49.0,53.7
Chattanooga,154,SC,21-12,109.7149286665699,108.63706890330229,0.5283537357279461,-6.916563481702265,66.88764222606997,54.8,49.9,30.9,27.3,27.200000000000003,28.799999999999997,17.1,14.499999999999998,35.7,35.1,56.1,47.9
Murray St.,155,MVC,12-20,107.32197337107826,106.3652546967356,0.5257212988317221,-12.446602481609364,64.52895274522184,50.0,54.50000000000001,29.6,27.700000000000003,26.5,25.5,14.4,17.9,31.6,37.0,51.3,53.8
Delaware,156,CAA,19-14,104.50805925163182,103.86634889732136,0.517700370848106,-9.164426979999226,67.43050346509081,51.9,48.7,30.9,27.1,27.500000000000004,27.9,16.0,15.1,33.0,31.3,53.2,49.7
UTEP,157,CUSA,18-16,98.28221034567423,97.84925761442042,0.5126902002868147,-10.623355932061838,69.67280584678952,48.1,51.5,42.8,46.3,28.999999999999996,31.0,21.2,25.9,31.0,32.1,48.8,53.2
Stony Brook,158,CAA,20-15,106.38406256514092,106.07346322651487,0.5084053469708667,-7.978334286991936,67.47969119669855,50.3,50.0,29.2,27.4,26.6,29.299999999999997,15.1,15.2,35.5,34.8,48.6,48.4
UC Davis,159,BW,20-13,102.35242082948623,102.08432789210853,0.5075398304352217,-8.528443560453603,67.21108341970488,50.2,49.1,38.2,38.4,28.6,30.6,19.3,20.9,32.9,32.7,50.8,49.1
Weber St.,160,BSky,20-12,107.40728035695642,107.26850177255523,0.5037170577089954,-7.358446746825461,65.4896090500016,53.1,54.400000000000006,35.199999999999996,29.299999999999997,23.799999999999997,23.7,14.8,18.4,34.5,35.4,53.9,55.2
Montana,161,BSky,24-12,110.08439776817087,110.10370989686801,0.49949568256063454,-6.001101591297338,66.11981491066646,54.7,50.7,28.799999999999997,34.4,25.3,26.8,15.1,14.000000000000002,35.9,34.2,55.2,50.5
Colgate,162,Pat,25-10,102.87047009192102,102.9256230124004,0.4984590169255564,-4.207194934804115,66.26941048903672,53.3,47.9,27.500000000000004,24.5,25.1,24.8,16.2,16.2,35.5,30.8,53.4,49.1
Winthrop,163,BSth,17-15,106.27966556011661,106.44239349760477,0.4956014825644964,-9.48075323007326,66.9876808194542,51.9,49.5,50.0,34.300000000000004,30.4,32.9,18.7,18.2,33.7,32.0,52.8,50.6
Quinnipiac,164,MAAC,24-10,105.10646680058285,105.268990409664,0.4955580067917121,-5.46655608975599,71.18116632221624,50.3,48.9,30.4,28.9,31.6,28.1,17.1,17.7,34.5,33.9,49.6,47.7
East Carolina,165,Amer,15-18,105.09758589033578,105.45152051957899,0.4903354016010972,-10.932391314692282,64.92138496845675,47.599999999999994,51.3,34.0,32.7,32.7,31.0,16.3,18.7,31.2,33.1,48.1,52.5
Fort Wayne,166,Horz,23-13,103.59792456639246,103.94968272271456,0.4902559452141417,-7.805792697317388,70.79869322820154,53.5,51.6,29.799999999999997,32.800000000000004,23.0,29.2,14.7,21.7,36.0,32.7,53.1,53.1
Eastern Washington,167,BSky,21-11,110.73137870749,111.16099199638265,0.488869056863815,-4.886766571905281,70.58725150245557,57.2,52.8,39.6,33.5,26.4,27.1,19.0,16.3,36.8,36.9,58.7,51.0
UMass Lowell,168,AE,22-10,105.1907278092098,105.73327633823797,0.48521386258834986,-6.070032542860979,69.81648921613066,50.4,47.3,40.1,26.9,32.1,26.9,18.2,15.5,32.3,29.2,51.3,49.1
Kent St.,169,MAC,17-17,105.35872657534388,105.95394821959944,0.4838091259273733,-11.609337274380977,66.69998290930833,50.7,51.3,31.9,34.9,31.0,28.7,17.2,18.5,36.0,33.0,48.5,52.6
Bryant,170,AE,20-13,100.21674391274453,101.00656247520169,0.4774459617849262,-7.320811629930386,74.25919187108929,50.7,45.4,29.9,33.800000000000004,20.4,30.2,15.8,16.7,32.7,30.8,51.7,45.0
UNC Asheville,171,BSth,22-12,106.22165050088904,107.07220956949185,0.47708647152319156,-6.822157562562043,68.25624211582009,52.1,50.1,40.8,34.300000000000004,27.3,31.4,17.1,16.900000000000002,36.4,32.9,50.5,50.6
Utah Valley,172,WAC,16-16,98.74765892118535,99.5578701905153,0.476524530107585,-9.616843818991725,67.76290398093614,47.099999999999994,48.0,35.4,36.0,28.499999999999996,27.200000000000003,18.1,18.1,28.5,32.6,48.9,47.6
Georgetown,173,BE,9-23,109.8342688583556,110.76015163369017,0.475884582653241,-10.379811073935905,66.72005834752123,48.6,55.7,33.900000000000006,33.6,33.4,30.7,17.9,16.400000000000002,34.6,35.3,46.3,57.4
La Salle,174,A10,16-17,106.0360947870613,107.00795451336903,0.4737936294466864,-9.782912500083208,66.78936758114338,49.2,50.7,24.8,33.300000000000004,27.0,30.8,14.2,15.4,34.5,35.8,47.6,49.3
Hawaii,175,BW,20-14,104.22983754254464,105.19108856943234,0.4736315541959533,-9.43790630286878,66.03238064356344,52.6,48.5,39.0,33.6,25.8,25.3,18.6,15.7,34.0,30.8,53.8,49.3
Saint Louis,176,A10,13-20,111.58739382930827,112.80010906162678,0.46896344441595295,-11.064732536233347,69.49841320737697,51.5,54.3,36.3,35.3,26.1,28.499999999999996,16.8,14.2,36.4,36.6,49.6,53.9
Little Rock,177,OVC,21-13,105.96781656756906,107.14342285708312,0.46832287695289215,-9.623981559733647,68.99583239651012,52.6,48.2,32.800000000000004,35.4,31.9,30.0,17.5,17.8,34.5,32.3,53.0,48.1
Illinois Chicago,178,MVC,12-21,100.78150747933779,101.90367317933374,0.4682077718720194,-13.403613027825594,68.21134389803755,50.6,48.9,26.0,35.9,22.9,28.4,17.7,17.4,36.0,32.2,48.4,49.2
Loyola Marymount,179,WCC,12-19,108.27922059622487,109.72248238683986,0.4620054420135025,-11.836179365469254,64.90609761839703,51.6,50.4,28.799999999999997,28.299999999999997,29.4,27.1,16.3,12.4,36.8,34.3,49.2,49.8
Brown,180,Ivy,13-18,104.11215583824834,105.51885291077114,0.4614913307956108,-11.968978567307174,67.27174066920065,49.7,51.2,33.0,32.1,31.9,27.3,18.3,16.8,33.7,33.1,49.2,52.2
Longwood,181,BSth,21-14,104.12357905761135,105.56768021404064,0.46048288042926816,-8.751840109535358,66.85102015793808,49.1,51.9,39.5,36.2,36.3,25.9,18.3,19.4,34.0,35.1,48.4,51.4
East Tennessee St.,182,SC,19-16,102.23991192264958,103.83160817350436,0.45570256796911496,-9.797577501761644,67.00964735493028,46.9,50.9,33.900000000000006,36.7,35.099999999999994,29.4,18.1,18.8,31.2,33.7,47.1,51.2
Fordham,183,A10,13-20,100.60374762231388,102.30494910597766,0.4519392883824151,-12.561798267281588,68.90024301817041,46.7,50.4,35.099999999999994,45.2,32.5,27.4,18.2,19.7,31.5,35.9,46.2,48.9
Temple,184,Amer,16-20,102.39613679458009,104.24905716404214,0.4486222167509394,-11.784006088676689,66.88471415268118,46.0,50.4,32.1,36.0,28.199999999999996,29.7,14.099999999999998,17.0,31.7,32.6,44.9,51.3
Stephen F. Austin,185,WAC,18-15,100.3484965272619,102.1783535343325,0.44823274214992254,-9.434166455771958,69.4071933319713,49.4,49.6,42.2,47.4,33.300000000000004,30.4,21.9,22.9,33.2,37.1,49.2,46.0
Pepperdine,186,WCC,13-20,106.20437600909891,108.27474057093943,0.4447204879971583,-12.217359772659195,67.588173543291,50.8,54.7,32.6,33.900000000000006,28.499999999999996,25.9,16.400000000000002,16.900000000000002,35.6,38.4,49.5,53.4
Texas A&M Corpus Chris,187,Slnd,21-12,99.80889565988939,101.78023089140753,0.4440049653825476,-6.547159200193928,68.78009983104465,46.3,48.0,36.3,47.3,33.900000000000006,25.1,17.599999999999998,19.8,29.4,31.0,47.3,48.8
Vanderbilt,188,SEC,9-23,104.3943143539228,106.47065650824267,0.4436199470609596,-10.644577576459136,65.77884960227084,45.4,53.0,35.199999999999996,29.5,28.199999999999996,29.299999999999997,15.3,15.9,28.3,37.4,47.4,51.0
Rice,189,Amer,11-21,107.22345163755165,109.3863109727742,0.44283509875272564,-13.079990424524805,65.91606705425464,50.5,52.6,29.9,27.4,28.499999999999996,29.5,17.299999999999997,14.8,33.2,37.9,50.9,50.0
Louisville,190,ACC,8-24,104.80717087831624,107.03407135366942,0.4398458578146412,-12.28631605627389,69.68165559812508,48.4,54.6,38.8,33.800000000000004,28.1,27.500000000000004,18.1,16.2,30.6,37.2,49.4,53.8
Long Beach St.,191,BW,21-15,105.12088540379843,107.66476450725668,0.43168468211180216,-8.267907036200041,71.56155685140838,48.5,51.1,37.8,32.300000000000004,33.2,29.4,17.1,18.3,30.9,35.1,49.3,49.9
Fairfield,192,MAAC,24-13,107.24973514065363,109.85591413912405,0.4314077683937396,-8.129314187773351,68.42886354702627,52.0,52.5,28.4,25.8,27.9,30.6,15.5,20.200000000000003,36.2,34.1,50.4,53.3
Illinois St.,193,MVC,15-17,102.38988527242637,104.94322407559109,0.42965403397604734,-10.123843963541827,63.82414486325048,47.7,50.9,36.1,27.200000000000003,28.9,26.0,17.1,16.400000000000002,28.8,32.5,50.4,52.3
UMKC,194,Sum,16-16,100.77174785425171,103.43682238235064,0.4255124446823878,-11.167808117743371,66.55683315753863,49.4,51.1,29.299999999999997,45.1,31.3,25.3,17.9,17.299999999999997,33.4,32.4,48.9,52.7
Northern Kentucky,195,Horz,18-15,102.14136401233915,104.9198090182339,0.4234458963271224,-9.549635546722643,68.03008305790718,50.6,51.3,35.099999999999994,28.799999999999997,29.4,32.6,17.299999999999997,20.1,31.6,31.2,52.2,54.5
Gardner Webb,196,BSth,17-16,102.19286819492137,105.02061240194328,0.42216561905015676,-10.29788258088244,69.49597348814758,49.1,50.3,35.9,39.4,27.9,26.700000000000003,16.1,16.0,34.8,34.0,47.4,50.0
Texas St.,197,SB,17-18,99.30917247923216,102.1891228887182,0.41854382522377936,-10.560366775255975,66.4439937552636,47.099999999999994,49.7,37.8,38.3,31.2,29.4,19.9,18.6,31.4,32.1,47.1,50.6
Monmouth,198,CAA,18-15,104.99123292953743,108.04744815004399,0.41824632454534216,-8.55833517522001,67.81243705560323,49.4,50.0,29.2,33.300000000000004,30.5,32.2,15.3,17.8,34.8,34.0,47.8,49.3
Penn,199,Ivy,11-18,108.75974663523239,112.02101579916997,0.4158653837082249,-11.415033018498004,65.59171943502643,51.9,54.0,27.0,26.700000000000003,29.1,26.6,16.7,14.000000000000002,35.3,36.1,51.2,53.9
Rhode Island,200,A10,12-20,106.13661874863169,109.39347152531225,0.4139700996734545,-12.231732898661239,68.74495528386804,51.5,52.6,39.4,30.0,29.1,28.199999999999996,18.5,13.1,34.9,35.7,51.1,52.0
Tulsa,201,Amer,16-15,101.62919079247939,104.78386215895799,0.4130082652066722,-9.351894704449203,70.56485241146564,50.3,49.7,40.6,35.099999999999994,24.4,30.4,18.2,18.1,32.1,32.7,51.7,50.0
George Washington,202,A10,15-17,106.39567171519556,109.82175764651086,0.40987591694349507,-10.200628559003093,70.13603711527239,51.5,49.8,34.2,22.8,25.9,29.2,17.1,13.900000000000002,35.8,34.7,49.9,48.3
Eastern Kentucky,203,ASun,17-14,106.827101875664,110.29353229111229,0.4092088900551278,-9.51376357259284,68.59329730756569,50.6,49.8,32.0,29.5,33.1,31.0,16.1,13.900000000000002,36.1,38.7,48.8,45.6
Cleveland St.,204,Horz,21-15,105.09153062741882,108.51888374800609,0.408767241621428,-8.681026990426696,67.52314327821897,49.4,51.3,31.0,37.4,33.4,34.5,14.9,19.3,33.1,30.0,49.3,55.2
Columbia,205,Ivy,13-14,106.58080238414762,110.09014382828772,0.4079237122966127,-10.0041103117435,68.59562061591389,52.5,52.8,29.299999999999997,28.499999999999996,27.9,28.6,17.8,17.0,37.4,33.9,50.2,54.1
Montana St.,206,BSky,17-18,103.58626208943649,107.10561427813386,0.40510880583154235,-12.785039106593496,68.59562276019231,54.2,52.3,30.6,36.9,20.5,28.9,16.7,18.5,36.7,32.7,53.6,54.0
Radford,207,BSth,16-17,107.58786478761878,111.38551556457622,0.4015698014704602,-11.171973486966294,63.66716181423176,50.8,50.9,28.000000000000004,31.7,30.7,34.0,16.2,15.8,35.7,32.4,49.4,52.4
Abilene Christian,208,WAC,16-18,101.10008262470109,104.71945903846603,0.40023137369029677,-11.064818414650155,68.56813685363466,47.099999999999994,51.6,37.9,39.900000000000006,25.9,30.4,17.7,20.200000000000003,34.1,32.5,45.7,53.0
Mercer,209,SC,16-17,104.07885649549597,107.89072431530133,0.39803589206300594,-11.559364705972982,66.05264967215517,50.1,51.2,27.6,38.9,30.6,31.1,16.6,17.9,35.4,34.2,48.8,51.2
Evansville,210,MVC,17-18,101.14647801930809,104.865580965649,0.3976514350884151,-9.128598414340672,68.58410327051344,50.1,52.400000000000006,28.299999999999997,28.299999999999997,21.4,26.1,16.6,17.2,33.6,35.5,49.9,51.7
Jacksonville St.,211,CUSA,14-18,101.39669174201072,105.13250292001668,0.3974547303766037,-13.044193680572388,64.68640568267958,48.2,50.5,37.2,34.9,33.800000000000004,25.3,20.3,18.2,32.2,34.9,48.3,49.4
Northeastern,212,CAA,12-20,105.35887724143596,109.28462426401651,0.39634732967110076,-14.175765136201406,65.78840631840515,51.2,53.8,29.799999999999997,28.299999999999997,31.8,27.700000000000003,18.9,17.0,31.8,37.5,53.3,52.3
Northern Colorado,213,BSky,19-14,106.17829034380537,110.34851647853961,0.391020106918079,-9.11114949852427,69.93455139042919,55.1,52.5,27.800000000000004,29.1,23.9,25.0,15.7,15.4,35.1,35.6,56.4,52.0
Harvard,214,Ivy,14-13,101.15899555313061,105.24087420786316,0.3881916045012276,-7.725707044470941,67.63057996009591,50.2,50.1,35.699999999999996,25.8,26.5,31.3,17.8,16.0,33.8,33.9,49.9,49.5
Lipscomb,215,ASun,20-12,109.24794986282416,113.77886901404511,0.38525013530878577,-7.390528495558103,69.27884773438598,56.2,53.5,27.500000000000004,22.8,23.200000000000003,29.299999999999997,14.2,16.1,38.1,36.5,55.7,52.8
Marist,216,MAAC,18-13,96.52423387832644,100.62625257235592,0.38257818613420197,-10.11975045810696,64.64171705315323,50.8,47.099999999999994,29.799999999999997,35.0,23.1,26.8,18.4,20.4,35.6,31.8,49.3,46.8
South Alabama,217,SB,16-16,103.22691696509978,107.6650054477714,0.38128630864233826,-11.189789250829248,68.13607770303497,50.9,50.7,31.6,33.900000000000006,22.8,31.8,16.3,16.7,35.1,31.9,50.0,52.3
Saint Peter's,218,MAAC,19-14,96.96751049408769,101.17220400061021,0.3803287996007306,-8.88974758035431,64.05978356356266,44.6,47.099999999999994,38.0,42.5,34.5,29.9,19.2,20.4,33.2,32.1,42.3,46.6
UC Riverside,219,BW,16-18,103.8439801242765,108.36294697900222,0.3799262514853695,-11.88271546456692,66.96465112937317,46.3,52.3,28.6,34.8,29.799999999999997,25.3,14.3,15.8,32.3,35.3,44.6,52.0
Merrimack,220,NEC,21-12,95.90223322446627,100.09423895727333,0.37942184303362186,-7.7162710102556025,67.29104569044803,49.8,46.2,34.300000000000004,32.5,22.3,34.599999999999994,19.0,23.200000000000003,31.1,30.9,52.2,46.1
Wofford,221,SC,17-15,105.6767244406676,110.31886681896646,0.3788603153528665,-9.09022855747672,65.64009344054463,53.3,51.5,27.700000000000003,34.599999999999994,29.4,26.200000000000003,16.900000000000002,14.099999999999998,35.5,35.7,53.4,50.0
Cal Baptist,222,WAC,16-17,101.82638258125672,106.42348841792983,0.37570790087625044,-11.843895586932643,63.632346241213426,47.0,49.2,36.8,30.3,32.7,24.9,17.599999999999998,15.3,32.9,34.3,45.7,48.4
Rider,223,MAAC,15-17,102.25978599499561,106.93545415482316,0.37422056047016866,-11.221046201029463,67.96366771189292,47.7,49.2,31.9,36.5,31.4,28.999999999999996,17.9,16.0,33.7,34.4,46.6,47.7
San Jose St.,224,MWC,9-23,104.72253033067301,109.57855825962969,0.3725563647221113,-14.070942518623315,65.8424019120332,51.4,54.400000000000006,22.4,35.9,22.4,30.2,15.6,15.9,34.2,38.9,51.5,52.3
North Dakota,225,Sum,18-14,104.86051118644144,109.75070263166552,0.3718764522586822,-10.130013702321865,66.75482926819669,50.2,52.400000000000006,32.2,29.6,30.7,26.1,15.0,15.3,32.3,35.2,51.5,52.2
Mount St. Mary's,226,MAAC,13-19,102.1814651761351,107.25322456789054,0.36422181257855646,-15.000149115801374,69.02352546793136,53.2,49.3,26.700000000000003,30.3,30.2,27.9,20.7,18.0,35.2,34.6,53.3,48.0
Tennessee Martin,227,OVC,21-11,105.39311284125594,110.84809055082329,0.3588568197303209,-6.942829980323751,72.89361337316046,50.5,49.3,32.800000000000004,24.6,27.0,26.3,15.0,13.2,36.2,32.8,48.2,49.4
Cal St. Fullerton,228,BW,14-18,99.37185313869254,104.63870846672975,0.3557374549210759,-11.887686086178592,66.4151782709152,48.0,49.9,38.6,35.6,24.3,29.6,18.1,17.9,32.2,31.8,47.7,51.3
Air Force,229,MWC,9-22,106.36109222031172,112.18349301251297,0.3513969737000201,-13.814948661414867,62.00727714264997,53.8,54.2,29.6,39.1,23.799999999999997,31.5,18.8,17.599999999999998,36.1,36.6,53.6,53.7
Georgia St.,230,SB,14-17,104.16154313825992,109.86388688166178,0.35138861672953575,-11.816871312272191,67.99347242931474,48.5,49.3,28.6,35.9,27.200000000000003,30.5,13.8,14.2,32.2,30.8,48.6,51.2
Bowling Green,231,MAC,20-14,101.50531111637467,107.12344250623602,0.34989217103730835,-9.486349217694153,67.70011033573255,48.1,51.2,35.099999999999994,27.1,30.5,25.5,16.3,16.1,29.3,36.7,50.3,49.1
UTSA,232,Amer,11-21,106.42818962273992,112.45882568452436,0.34663993087085726,-14.757249467366856,70.6412363562747,48.3,51.9,35.0,34.599999999999994,32.0,28.9,15.5,13.1,33.4,37.0,46.9,49.8
Iona,233,MAAC,16-17,102.31475101760836,108.18805792250076,0.3448178376137628,-12.688412409602439,67.01781135034757,50.0,52.8,28.499999999999996,37.5,28.299999999999997,30.8,14.9,22.2,35.3,34.0,48.2,54.1
Fresno St.,234,MWC,12-21,102.28724402117771,108.26919115302603,0.3421764648953982,-11.614834760879546,65.58758162415529,51.5,53.1,30.4,28.000000000000004,24.4,30.4,18.8,15.4,33.2,36.9,52.6,51.8
Stetson,235,ASun,22-13,107.94177130094215,114.28261148745048,0.3415377969239819,-6.983442526646117,66.22872291320738,52.8,52.3,31.8,25.5,27.4,31.5,15.9,13.5,35.9,34.6,52.1,52.6
Nicholls St.,236,Slnd,20-14,103.72157294740032,109.91267354186716,0.3392306566160512,-8.251224554527468,66.30622039925017,51.5,49.8,37.6,39.4,27.6,32.2,19.0,16.400000000000002,36.8,32.1,48.9,50.7
Milwaukee,237,Horz,20-15,106.34083889489213,112.69779577740769,0.33901308118836243,-9.911679874467636,69.96183639384697,51.0,50.6,34.0,32.800000000000004,36.0,32.6,17.9,15.5,32.2,34.2,52.7,50.2
Cal St. Northridge,238,BW,19-15,98.92573948509599,104.85493519631592,0.3386320608722338,-10.560580790716015,72.73098238968645,48.9,48.3,37.6,39.5,31.1,26.9,19.0,18.0,30.0,33.1,50.3,47.2
North Florida,239,ASun,16-16,105.58427028732768,112.0057362379505,0.3364917087016514,-11.569355786324246,67.16077711551723,53.6,52.6,28.299999999999997,33.7,23.5,29.9,16.3,14.4,35.9,35.5,53.3,52.3
Florida Gulf Coast,240,ASun,14-18,102.10147410557548,108.33037370092546,0.336035533970552,-13.2854842392097,63.962730152945966,52.1,52.8,27.200000000000003,29.299999999999997,29.6,28.299999999999997,17.599999999999998,15.8,36.2,35.9,50.8,52.0
Marshall,241,SB,13-20,100.08334498427232,106.27631417406101,0.3339329227389799,-14.093888188502623,70.63743262827718,46.8,51.4,28.799999999999997,29.9,29.799999999999997,27.9,16.5,16.2,31.0,36.2,47.1,49.8
UC Santa Barbara,242,BW,16-15,104.2393097526959,110.81313428478893,0.3310823191194499,-10.709663369962563,67.35711244413949,53.3,50.6,39.7,31.0,25.2,26.6,19.1,14.3,35.4,32.1,53.4,51.8
San Diego,243,WCC,18-15,100.22475682184529,106.62167634733473,0.32926230757932745,-7.914498359105772,71.24861786945266,49.0,52.5,32.0,38.6,27.1,31.8,18.3,18.1,34.8,33.9,47.4,53.7
Lamar,244,Slnd,19-14,102.09565540689499,108.62348397544815,0.32899352142835137,-10.009403373097529,68.38881282543919,50.9,49.2,33.2,39.2,33.1,31.9,18.0,19.3,34.8,33.3,50.2,48.8
Portland St.,245,BSky,17-15,98.74509772597605,105.05922734231471,0.3289807094027997,-11.092718242110472,69.36768720717049,46.8,52.0,34.300000000000004,34.699999999999996,29.799999999999997,28.299999999999997,16.400000000000002,18.6,32.4,35.6,45.6,51.1
Southern,246,SWAC,18-14,97.03180179346404,103.24439038865471,0.3287836895598849,-8.227600966779404,67.76902091249964,49.4,50.4,35.6,46.2,26.5,30.8,20.1,22.1,32.5,32.2,49.9,51.5
Albany,247,AE,13-19,104.21697655207649,110.90435787412596,0.32844616772362,-13.945630465646788,73.1184638476991,50.4,51.4,29.2,38.9,30.6,29.4,17.7,17.0,32.9,29.3,51.0,54.6
Norfolk St.,248,MEAC,24-11,102.26603728005601,108.91811694649633,0.32635540950762254,-6.967541971613378,66.3010190299237,49.6,49.5,41.8,43.2,31.3,31.4,18.4,22.0,33.2,34.5,49.6,47.7
Miami OH,249,MAC,15-17,99.02263055998529,105.46823610465125,0.3262475645159281,-12.476914425821377,67.40337054751247,51.0,49.3,30.4,31.9,22.0,30.7,17.2,18.0,36.2,31.5,48.7,50.5
Cal St. Bakersfield,250,BW,13-19,100.12728882736508,106.65153043474504,0.3260880350190137,-13.832319882523267,64.80035736635617,47.0,50.0,32.0,46.7,32.9,31.2,18.3,18.6,32.1,34.3,46.6,49.1
Maine,251,AE,15-17,95.81538157944935,102.10569655904703,0.3249246969721052,-12.162643259202655,65.60471480756287,47.8,49.9,30.0,32.1,23.0,27.800000000000004,16.7,19.2,29.7,32.3,49.3,50.6
Southern Utah,252,WAC,10-21,104.44470754547089,111.34180366748649,0.3240130231923623,-15.143806171740938,69.60914906830521,48.4,52.6,36.2,32.2,27.9,33.0,16.900000000000002,17.0,29.4,34.3,50.8,53.0
Idaho St.,253,BSky,14-20,102.70360996530482,109.6888273506594,0.3193625406608369,-15.553024294327038,63.94604915945564,51.1,54.50000000000001,33.5,32.6,30.3,26.8,16.7,18.2,32.2,36.0,52.6,54.7
Canisius,254,MAAC,14-18,100.2066188982975,107.12254316986844,0.31701998349679683,-13.301022708003318,67.11574631491015,49.6,51.2,27.500000000000004,28.000000000000004,32.800000000000004,28.1,19.1,16.3,32.9,34.4,49.7,51.0
UMBC,255,AE,11-21,104.4680876521108,111.76626453988771,0.31505886205464456,-16.915045501890187,73.29188102596882,52.7,50.3,24.1,28.299999999999997,25.5,31.0,17.5,14.9,35.3,31.3,52.6,52.2
Green Bay,256,Horz,18-14,101.97708386348084,109.31483741789339,0.3102253080511206,-9.161952376623683,63.6751487172386,52.400000000000006,49.4,29.4,34.2,27.3,28.4,18.6,14.000000000000002,34.0,30.2,53.7,51.6
Queens,257,ASun,14-19,103.84691390519937,111.32446081670861,0.310109268469482,-13.539055025688505,72.86956830567085,49.9,54.1,33.7,29.4,27.6,29.5,15.7,15.4,33.0,34.2,50.1,55.8
Austin Peay,258,ASun,19-16,107.23408122258576,115.02170895642396,0.3086949133336078,-10.516000648991112,64.59411931064903,50.4,53.1,31.9,37.9,29.9,31.6,13.3,16.6,35.5,34.0,48.8,54.4
Ball St.,259,MAC,15-16,102.27095252437002,109.77900393240262,0.3068895588421182,-12.528356113534267,66.73121802745685,50.8,51.3,38.2,27.6,27.3,27.9,18.2,16.2,36.1,35.1,48.7,50.6
Southern Miss,260,SB,16-16,99.73856032714802,107.14614816306045,0.30494147334534,-11.107523505285231,67.89250326714114,48.4,50.5,37.9,33.0,28.9,30.5,18.5,17.2,33.8,35.7,47.2,48.9
Middle Tennessee,261,CUSA,14-19,98.4363908288384,105.8404733794908,0.3027982758946144,-13.242590802893927,65.41485755778898,46.0,49.5,34.9,29.6,28.199999999999996,30.4,20.6,15.8,31.1,33.8,45.6,49.0
Grambling St.,262,SWAC,21-15,98.93746860987878,106.41442026229808,0.3019961445169612,-8.053668852470157,64.83542103045893,48.1,49.7,38.8,33.800000000000004,27.9,32.800000000000004,20.0,18.8,34.0,34.3,46.9,48.8
Western Illinois,263,OVC,21-12,97.30776660066525,104.78949905124895,0.29904288070276874,-8.010414325634114,64.69338701148955,46.5,46.5,35.6,25.1,37.2,28.9,20.1,14.2,31.7,30.4,46.0,46.8
North Dakota St.,264,Sum,15-17,103.27633097714059,111.24561993513247,0.2984223600021297,-12.018350044741158,65.7651536294936,53.3,53.7,30.3,28.499999999999996,24.3,24.7,16.8,13.2,37.7,36.8,51.4,52.8
North Carolina Central,265,MEAC,18-13,104.58022709252441,112.79755939387672,0.2952829504783212,-9.651226022254502,66.53217598331445,49.8,49.0,40.400000000000006,37.1,31.3,33.7,17.8,18.1,33.2,29.7,49.8,51.5
North Alabama,266,ASun,15-17,104.25980154296757,112.49348392074795,0.2944001555190645,-12.19120324208701,67.8109781874902,49.8,51.5,32.9,40.9,27.0,27.800000000000004,14.6,14.2,35.6,35.4,47.9,50.6
Lehigh,267,Pat,14-18,98.9721471066014,106.81730423885199,0.2937506873095455,-13.487677493149224,70.14220414477542,49.5,51.7,33.0,29.6,22.0,23.5,16.900000000000002,17.9,32.2,35.6,50.2,50.7
Georgia Southern,268,SB,9-24,104.57460719793937,112.97293563204455,0.29145117089326567,-17.916094354808518,68.97822379090353,50.8,52.0,28.9,43.1,28.799999999999997,33.900000000000006,18.8,17.299999999999997,35.2,35.5,49.3,51.4
Central Michigan,269,MAC,18-14,95.89106853574589,103.64632906933193,0.2902081903918343,-8.26473888250399,65.3924645782701,46.8,47.3,27.4,30.6,28.6,30.7,17.5,16.2,30.1,31.2,47.7,47.7
Utah Tech,270,WAC,11-20,99.75284107714623,107.92022649341554,0.2880214367511681,-13.899043331054507,70.3424094945786,50.4,50.4,40.3,43.2,28.199999999999996,31.6,21.8,18.3,33.7,33.9,50.2,50.1
Bucknell,271,Pat,14-19,98.73638725519974,106.87202737509648,0.28688657815998253,-14.605608740585588,64.92355098608908,50.4,49.5,28.999999999999996,31.5,25.9,28.6,18.9,16.400000000000002,33.8,32.4,50.2,50.1
Portland,272,WCC,12-21,103.85298429748917,112.47210719819638,0.28559340222691926,-13.27347274458735,67.77722901871896,50.5,55.3,31.7,22.6,23.6,28.799999999999997,17.1,13.2,34.1,38.0,49.9,53.9
Binghamton,273,AE,15-15,101.80895793768053,110.31816774237558,0.28432441374186057,-10.696706763746281,66.64465929303795,49.4,50.0,34.300000000000004,34.8,29.1,25.0,18.0,13.3,29.9,35.0,51.4,48.4
Texas Southern,274,SWAC,16-17,98.57749982642059,106.8854970653369,0.2828184858346062,-10.651379595239456,67.80438064782855,46.9,48.3,31.1,40.1,30.0,30.9,18.1,17.8,31.1,32.4,47.1,48.2
Nebraska Omaha,275,Sum,15-18,102.33552252482136,111.04283361453204,0.2810861380860109,-13.490360532876894,67.44309774386721,49.5,53.400000000000006,39.7,32.2,24.7,26.4,14.499999999999998,15.9,31.6,35.7,50.5,53.3
Howard,276,MEAC,18-17,104.68066054247873,113.64122627016391,0.2799887244024577,-12.179214755784598,67.87737328019216,51.7,51.1,42.1,38.4,33.300000000000004,30.3,21.2,16.6,37.2,34.4,49.1,50.9
Central Connecticut,277,NEC,20-11,99.97951433983664,108.70927879009355,0.2763406952193365,-8.101697156910797,66.79355170108344,50.2,49.6,33.0,26.700000000000003,27.6,26.8,16.7,17.5,32.8,34.8,50.8,48.2
The Citadel,278,SC,11-21,101.24465125605666,110.11693651338197,0.27567165501651303,-15.722497262245017,65.44368223861454,50.6,53.5,33.7,22.5,27.3,26.8,18.0,16.1,32.8,35.2,51.3,54.1
New Mexico St.,279,CUSA,13-19,99.5858024726247,108.34554976931685,0.2749762819347958,-12.629714024291511,66.30735703440628,46.9,50.9,32.7,44.8,25.4,29.6,17.7,15.8,31.2,34.7,47.0,50.0
New Hampshire,280,AE,16-15,97.99336410880167,106.78514140840866,0.2712936895945547,-9.417359650107647,71.44514887125166,47.9,50.5,29.799999999999997,27.500000000000004,23.5,25.5,16.6,16.400000000000002,31.8,30.5,48.1,53.5
Presbyterian,281,BSth,14-19,101.60107731333997,110.71734921001831,0.2712769039999976,-14.14654811534306,67.61142097685155,51.2,52.8,36.8,42.0,26.3,27.800000000000004,16.900000000000002,17.7,32.8,35.2,52.2,52.8
Kennesaw St.,282,ASun,15-16,103.74268152507662,113.0748265337431,0.2708003186618801,-12.592783201679918,74.1087180195749,51.5,53.1,35.4,43.2,30.0,30.5,16.0,17.599999999999998,32.9,37.2,53.0,51.3
Oral Roberts,283,Sum,12-19,102.06332907904081,111.48022834118836,0.2660184539082477,-13.60108007046541,67.73550756768002,51.1,51.4,26.0,32.300000000000004,20.9,30.6,14.2,14.499999999999998,36.0,35.8,49.1,50.0
USC Upstate,284,BSth,10-20,99.29450641809254,108.48615393985921,0.2653934697090132,-15.3295010326383,67.16033015065082,49.6,52.0,29.5,45.0,23.9,34.300000000000004,16.400000000000002,18.6,32.5,33.5,50.2,53.0
Denver,285,Sum,17-17,105.94607928251862,115.8761753807731,0.26302464444300494,-12.44086004837216,70.55919208499033,51.8,54.7,35.0,32.0,27.3,27.6,14.000000000000002,14.2,35.1,36.8,51.2,54.4
Wagner,286,NEC,17-16,96.20715931841235,105.25055694866239,0.26247195749357904,-11.648230475429472,61.46617798483221,45.1,48.8,26.4,30.2,28.799999999999997,27.700000000000003,15.7,16.8,32.2,30.4,43.1,51.0
DePaul,287,BE,3-29,101.29350406554599,111.02581303597572,0.25826323365525533,-14.795954667428436,67.796000362037,48.1,56.49999999999999,33.5,28.4,22.0,32.300000000000004,19.9,14.499999999999998,33.5,38.1,47.0,56.1
Niagara,288,MAAC,16-16,101.51058406212496,111.29138109943584,0.25771659720384144,-12.4629473439185,67.3735367471784,52.0,52.2,36.0,30.7,23.4,26.8,17.4,16.5,35.9,35.0,51.2,52.1
Sacred Heart,289,NEC,16-16,101.36641523169027,111.44601845106541,0.2515838482026131,-12.722445738966048,69.31502177266132,51.5,51.6,31.7,31.9,25.9,32.6,17.1,20.1,35.9,35.3,50.2,50.6
SIU Edwardsville,290,OVC,17-16,100.22371252093664,110.30011121869897,0.24942123842490818,-12.045336485260234,66.97927140813921,47.2,51.1,31.9,37.2,30.1,28.199999999999996,15.6,17.4,32.5,36.2,46.2,49.2
FIU,291,CUSA,11-22,100.18583260684295,110.2638074799095,0.24931611574986937,-16.353098062575626,70.3521549675492,49.7,55.60000000000001,28.4,35.9,27.0,37.3,18.9,24.1,32.9,40.3,49.9,52.9
Alcorn St.,292,SWAC,14-18,105.6576478947942,116.45603988207361,0.2461853310499223,-11.35537661581839,66.72962111329286,48.9,55.00000000000001,37.4,36.6,33.4,30.6,17.0,17.2,34.2,37.5,48.0,54.0
Boston University,293,Pat,16-17,98.20311892348576,108.24838371194159,0.24601308484011097,-14.18154442030227,65.92277318475095,47.8,50.0,30.2,36.2,26.6,23.0,17.7,16.900000000000002,32.8,34.6,46.8,48.7
Valparaiso,294,MVC,7-25,99.61006754729564,109.91921776107466,0.24369110267182173,-17.380803959692788,67.961896499212,46.2,54.50000000000001,23.3,30.7,25.7,30.3,15.9,17.299999999999997,32.1,35.8,45.0,55.0
Tennessee St.,295,OVC,18-15,97.97798531202014,108.16642848460154,0.24274755111731894,-11.395113751843638,68.37704101644825,48.8,48.8,38.1,44.3,28.4,32.0,19.7,18.6,31.3,32.7,49.8,48.6
Louisiana Monroe,296,SB,11-19,100.02276258198748,110.49590632470148,0.241370959961766,-13.471632783713147,67.14341227955228,44.8,52.6,38.4,37.6,34.1,28.999999999999996,18.2,17.2,28.5,35.8,45.6,51.7
Chicago St.,297,ind,13-19,98.5526411314756,108.90479060960241,0.24073453743582376,-12.570896268100139,65.2202419745268,46.1,53.6,38.2,36.0,32.4,35.3,20.0,21.1,29.7,33.3,46.9,55.6
Old Dominion,298,SB,7-25,98.08391968106042,108.43918298142569,0.23972101710799237,-19.491957319267975,69.89580178885792,47.599999999999994,51.3,27.1,39.7,25.2,31.2,15.0,18.0,31.8,35.5,47.5,50.0
South Carolina St.,299,MEAC,14-18,98.0309810923575,108.49878337017407,0.23744528044019306,-12.987693084728965,68.86943352389068,45.7,52.2,36.5,49.2,37.7,31.0,21.3,21.8,32.3,33.6,44.5,53.3
Delaware St.,300,MEAC,15-19,95.05622275714566,105.28061384480989,0.2359796638214724,-14.102145029885737,69.00993411249162,46.1,50.9,39.5,36.2,33.1,31.5,21.1,21.7,31.0,35.9,46.0,48.9
American,301,Pat,16-16,102.40002064524336,113.47050976158734,0.23495426734844002,-12.451794032006056,62.96720981751744,52.5,53.400000000000006,28.4,29.799999999999997,27.9,25.6,17.299999999999997,17.0,34.7,36.9,52.8,51.9
Jacksonville,302,ASun,16-17,98.87712603691301,109.75563784691239,0.231412485699371,-12.061528650068142,65.88242370317339,48.7,52.3,36.3,40.400000000000006,34.599999999999994,30.7,19.2,17.4,33.8,35.7,47.7,51.5
Northern Illinois,303,MAC,11-20,101.452275153839,112.76956107152253,0.22860295124581068,-14.283403418436137,68.2862622655903,49.8,52.900000000000006,36.2,34.699999999999996,28.000000000000004,31.2,18.1,14.3,32.7,36.7,50.2,51.8
Bellarmine,304,ASun,8-23,100.14398273898954,111.40932736629617,0.2268956417541929,-17.567851170128186,65.10965838552079,49.0,53.900000000000006,21.4,31.9,21.8,29.4,14.499999999999998,14.6,33.6,35.0,48.3,55.1
Campbell,305,CAA,14-18,100.63483718797978,112.20696075960745,0.22239991381457205,-13.825174899680466,66.40723945547875,52.0,52.2,33.7,23.6,23.799999999999997,31.2,18.1,16.400000000000002,34.6,34.1,52.0,52.9
Jackson St.,306,SWAC,15-17,100.19972081295043,111.7360750325086,0.2221460947056338,-11.604012420680037,68.81613510720783,47.0,52.6,34.699999999999996,34.5,34.9,32.0,19.0,19.0,32.5,35.2,46.2,52.4
Le Moyne,307,NEC,15-17,98.76770474146775,110.32257141811294,0.21885772274380952,-13.788925690999012,67.4788922515349,50.1,50.6,25.3,27.800000000000004,23.1,29.9,16.6,17.8,34.1,33.4,49.2,51.0
Bethune Cookman,308,SWAC,17-17,97.22100833189134,108.69999913419156,0.21696232775196314,-12.413786692960063,69.70599666997683,47.3,50.1,38.2,49.2,29.2,33.2,19.5,21.9,32.0,34.1,47.0,49.5
Elon,309,CAA,13-19,101.44138956558137,113.70215182453678,0.21212510835011525,-14.127025594145849,67.7063337167723,50.6,53.2,32.800000000000004,29.1,28.7,32.800000000000004,17.8,15.7,35.2,34.2,48.8,54.5
Southeastern Louisiana,310,Slnd,15-17,97.84891432491574,109.88720549568262,0.2084418694533219,-11.930078644595504,64.84730119348143,48.4,51.3,35.0,30.2,30.7,30.3,20.9,17.299999999999997,34.1,33.4,46.6,52.2
Sacramento St.,311,BSky,10-24,97.85498381765382,109.96803466070729,0.20716727626446968,-19.202387488964757,64.05548741661077,48.7,54.1,32.9,32.7,34.1,25.8,22.8,15.6,32.4,35.0,48.7,55.1
William & Mary,312,CAA,10-23,100.02440271835381,112.61576126671446,0.2036677952386062,-18.7124501414401,65.9639178368037,48.3,52.2,31.9,34.9,27.4,29.1,16.3,14.4,32.1,34.5,48.6,52.5
Idaho,313,BSky,11-21,98.4956313243698,111.12824706486256,0.19976939611857247,-16.81476807660471,64.9607797821457,50.2,53.5,26.700000000000003,37.2,22.7,28.6,17.5,16.6,33.5,35.8,50.2,53.4
Coastal Carolina,314,SB,9-22,98.6529167189013,111.34224754913302,0.1991666181445277,-17.785932483460453,69.3713394882034,49.4,50.1,32.5,29.5,29.299999999999997,30.5,19.1,12.7,32.1,33.0,50.0,50.6
South Dakota,315,Sum,12-20,103.53774453575704,116.93972119750751,0.19784669736552565,-16.501133511191497,68.91713695387809,51.9,53.1,30.5,27.3,27.500000000000004,28.6,18.3,11.7,37.6,36.2,49.6,52.3
Robert Morris,316,Horz,10-22,100.01965214245133,113.08643996661456,0.19591302557372484,-17.199287445875,67.15281974125828,50.3,53.3,28.000000000000004,36.8,33.2,29.5,20.0,15.8,33.8,34.3,50.0,54.3
Western Michigan,317,MAC,12-20,98.25770430969507,111.36372488476522,0.19156210555382014,-15.240112091499546,68.49384264963784,48.7,50.9,31.5,31.5,33.7,29.6,19.7,15.5,32.8,34.1,48.4,50.8
Northern Arizona,318,BSky,14-19,98.22229322718013,111.39415550103362,0.19043609743179035,-13.54066410759437,68.3673293918706,49.3,52.900000000000006,31.1,37.4,24.1,31.1,18.1,16.7,31.2,32.0,50.7,55.4
Alabama St.,319,SWAC,13-19,92.43902313236234,105.00698961930445,0.18755234209818167,-13.81764927749204,67.2305927607872,41.0,49.1,28.499999999999996,43.4,31.7,29.1,16.3,20.0,28.0,34.1,40.4,47.6
Eastern Illinois,320,OVC,14-18,95.54619141362966,108.78199409841558,0.18362709883476558,-13.199972321194746,66.64363808236895,44.8,52.0,27.200000000000003,37.5,27.500000000000004,28.000000000000004,15.7,19.7,31.8,35.8,43.6,51.1
Charleston Southern,321,BSth,10-20,93.72848771478861,107.07761744590968,0.17781150814126084,-14.163329557864751,66.86779212768928,45.2,50.9,31.2,33.5,27.0,28.999999999999996,18.1,13.4,31.4,31.9,44.1,52.3
Northwestern St.,322,Slnd,9-23,97.16899607499637,111.25875769451056,0.17405168417856345,-18.53629644730699,67.60481691681605,47.7,51.9,36.7,41.4,29.799999999999997,34.1,19.3,18.5,31.3,32.6,48.0,53.8
Eastern Michigan,323,MAC,13-18,96.50516197199322,110.51556856454162,0.17379896098772646,-14.08492736032371,65.40816510096829,47.9,52.0,25.0,31.5,27.6,31.2,17.0,15.7,30.8,31.9,48.7,54.7
Lafayette,324,Pat,11-21,93.13699024872616,106.8687577391774,0.17056955406891733,-17.017941154618583,65.35145616581794,46.9,48.5,23.9,31.5,24.2,29.1,17.5,17.4,31.2,34.3,47.0,46.6
Alabama A&M,325,SWAC,12-23,93.4308507417035,107.9384767725841,0.15977437690143664,-17.546160860064177,70.52735774025773,45.9,49.1,47.2,45.2,31.8,32.7,22.4,19.4,28.7,35.2,46.9,46.9
Southern Indiana,326,OVC,8-24,96.65346771073564,111.72210017581023,0.15893839472731094,-19.16001792613724,69.16249180424771,45.6,49.5,37.6,48.6,27.0,28.499999999999996,19.4,16.6,31.6,33.3,44.5,49.3
Navy,327,Pat,13-18,95.90556867157055,111.09812303644586,0.1556348905522822,-15.420680298016777,65.5156514311907,44.0,50.3,34.8,35.699999999999996,31.8,30.8,15.6,20.5,29.6,32.9,43.8,50.9
NJIT,328,AE,7-21,97.81216432662659,113.68574082677878,0.15065488799990423,-16.802346864793346,66.4927990819353,44.6,52.400000000000006,31.2,39.7,28.299999999999997,32.9,16.400000000000002,16.6,29.6,35.0,44.7,52.3
Arkansas Pine Bluff,329,SWAC,13-18,101.55608786415499,118.32624830628708,0.14709174431238112,-13.241898307121284,72.00311139689677,51.5,52.6,40.2,32.5,22.9,34.0,18.0,15.4,36.5,31.4,48.4,56.0
Hampton,330,CAA,9-24,95.49544798146337,111.31027018906757,0.14650327803309915,-20.11929018675798,69.84188275373253,46.7,51.6,29.4,29.9,27.9,31.9,17.9,15.0,30.9,33.9,46.9,52.1
Dartmouth,331,Ivy,6-21,93.66173592473443,109.63100121994142,0.1405837206239782,-15.958687347177326,65.10390712709298,47.599999999999994,54.2,27.800000000000004,24.4,20.7,24.5,19.4,13.4,31.2,37.0,48.2,53.2
UT Rio Grande Valley,332,WAC,6-25,94.83435671823716,111.02234218704879,0.1403487223518553,-19.249207077127583,71.29270547624792,45.1,53.1,41.2,34.4,24.3,33.4,19.0,18.9,29.0,33.9,45.8,54.2
New Orleans,333,Slnd,10-23,97.94099100423033,114.66508625563947,0.1402783701015738,-18.158769857613336,71.33955421207502,45.5,54.400000000000006,39.2,38.7,28.4,34.9,17.299999999999997,19.1,30.2,35.5,45.5,54.9
Fairleigh Dickinson,334,NEC,15-17,95.96718254420054,112.9420415707169,0.13319639843153833,-13.788240382584629,72.28697384343562,47.099999999999994,52.900000000000006,34.9,32.0,27.800000000000004,31.2,17.2,19.0,31.8,35.7,46.7,52.4
Morgan St.,335,MEAC,11-20,96.57481480988397,113.77113670592124,0.13187113520295518,-15.561226130941419,70.70668042089711,47.4,52.0,31.3,41.4,29.5,37.2,20.200000000000003,18.2,28.2,35.3,49.3,51.6
Manhattan,336,MAAC,7-23,95.13236411707388,112.27754999911602,0.12947551705190652,-18.449529023899373,68.4435989103748,47.2,53.1,22.1,27.3,24.8,30.1,19.2,16.900000000000002,31.3,36.7,47.4,52.2
Central Arkansas,337,ASun,9-23,96.71195729557871,114.1927645127797,0.1288982763426612,-19.036040430242693,69.22208323302982,47.5,54.0,29.299999999999997,33.7,28.299999999999997,31.4,18.1,15.4,34.2,37.9,45.2,51.9
Texas A&M Commerce,338,Slnd,13-20,94.43683255547748,112.04969737700482,0.1227512907900061,-14.169108982521758,66.26503931830186,46.0,52.400000000000006,30.8,39.2,24.3,33.1,16.7,18.3,29.4,35.0,47.6,52.4
Florida A&M,339,SWAC,6-23,92.11807632006895,109.86779067918656,0.11646137896790011,-16.87078615564324,68.19013851824087,47.5,51.8,28.000000000000004,39.2,26.3,31.7,21.4,16.3,34.1,35.3,46.0,51.1
LIU Brooklyn,340,NEC,7-22,93.17307816685803,111.16605747297024,0.1160363751981209,-18.33623591325367,70.41888178951173,46.400000000000006,50.8,31.5,41.099999999999994,25.5,28.499999999999996,20.1,15.8,31.0,31.1,46.3,53.0
Cal Poly,341,BW,4-28,93.93240014706612,112.190448438034,0.11479629740515931,-23.448625207464804,65.78709081688955,46.0,51.5,31.3,41.9,24.3,33.6,18.6,17.299999999999997,33.0,35.6,44.1,50.8
Prairie View A&M,342,SWAC,10-21,93.60174236327995,112.1475311104274,0.11117331763408496,-15.968874698961194,70.95348252309472,45.6,53.7,36.9,46.6,26.5,35.199999999999996,17.7,22.6,30.4,35.2,45.6,54.1
North Carolina A&T,343,CAA,7-25,95.2343735858076,114.10612701436284,0.11114859047630961,-19.09193953160494,68.03990543198535,43.9,54.50000000000001,34.0,29.5,24.3,34.0,13.8,15.9,28.7,35.2,44.4,55.5
Loyola MD,344,Pat,7-25,93.79181042607772,112.41464773588442,0.11077569824098397,-20.927756604418747,65.8224568973332,47.2,53.3,30.0,32.6,29.2,26.4,20.4,15.6,32.7,35.6,46.1,53.3
Tennessee Tech,345,OVC,10-21,94.51039410018316,113.40618251361775,0.10948035468543617,-17.274879122080854,65.78865822386669,49.0,52.5,31.0,24.6,18.9,28.1,17.8,15.4,32.3,34.8,49.2,52.7
Buffalo,346,MAC,4-27,95.15717796973176,114.19278908603988,0.1093772116751688,-22.1640611286289,69.09282602191115,47.3,53.900000000000006,26.0,28.7,28.299999999999997,30.6,20.0,15.1,27.5,36.5,51.6,53.5
Detroit,347,Horz,1-31,96.82105862577882,116.19308576408528,0.10934282632983798,-24.771371107704226,67.17813520024602,47.3,55.900000000000006,30.3,31.9,25.9,35.199999999999996,19.4,17.299999999999997,28.1,37.1,50.4,56.1
Incarnate Word,348,Slnd,8-23,95.44629612814904,114.93737024544528,0.10555495695989496,-19.451702636732087,69.9745443579998,48.2,51.8,37.1,40.7,30.0,30.0,21.7,15.1,32.0,36.7,48.3,50.2
Army,349,Pat,10-22,90.70946422818649,109.25954138808369,0.10529375137292167,-19.533830094395316,63.14516484088141,47.099999999999994,50.3,25.4,31.6,27.0,25.5,18.9,16.6,31.8,33.2,46.5,50.6
Holy Cross,350,Pat,10-23,99.53468505917309,121.09364643348033,0.0949476519450709,-19.318406177631715,65.81092496102497,50.1,53.6,25.9,30.6,23.200000000000003,28.1,16.5,12.8,35.0,38.7,48.7,50.7
Maryland Eastern Shore,351,MEAC,9-20,89.30797228958806,109.45951816276957,0.08787703672408709,-16.445895427423103,67.26715998601489,43.0,50.9,32.7,37.8,28.799999999999997,33.7,20.0,18.9,28.3,33.0,43.3,51.7
Pacific,352,WCC,6-26,94.84255775424427,116.91938200275554,0.08267353510744978,-19.1631675080018,68.4206495165256,46.5,56.3,37.1,36.4,18.8,33.2,16.900000000000002,16.1,31.5,35.7,46.0,58.2
Southeast Missouri St.,353,OVC,9-22,90.64868205605387,112.01589600990611,0.08061887105233069,-18.27659352841736,69.32861183394637,45.1,52.0,27.0,44.2,24.0,29.5,17.299999999999997,17.2,30.0,31.5,45.1,54.0
Lindenwood,354,OVC,9-22,91.59513653348725,113.5587390749165,0.07785649005019732,-18.153061840130167,67.49236314857957,43.3,53.900000000000006,38.3,40.2,23.6,28.7,17.9,17.7,29.0,37.6,43.2,52.5
Houston Christian,355,Slnd,6-23,96.75173416857902,120.06650163382999,0.07707127223704628,-17.31433471812676,71.63470710142663,46.9,54.0,36.8,28.6,29.7,33.7,21.0,13.6,29.5,34.0,47.9,55.5
Siena,356,MAAC,4-28,90.37210342754196,112.77322769358824,0.07265534109051913,-23.807481975197952,66.07948628875502,44.7,51.8,30.8,28.000000000000004,33.2,31.2,23.4,14.8,28.0,35.2,46.1,51.3
Stonehill,357,NEC,4-27,90.86879999818714,114.47405766565491,0.06563779643204093,-21.999112530061886,68.21189288674012,46.7,52.7,22.6,29.4,22.5,31.0,19.5,16.6,30.1,35.9,47.9,51.7
VMI,358,SC,4-28,87.94311945243456,110.81864029350302,0.06544534650247266,-22.768895213511627,74.80289864820394,46.0,54.400000000000006,27.6,30.9,23.799999999999997,30.6,21.2,15.1,29.7,36.2,46.7,54.5
IUPUI,359,Horz,6-26,92.71802411657514,117.15920478886041,0.06352646159656075,-21.57722771123486,67.42356401506451,46.5,58.2,33.2,33.4,30.0,35.5,21.3,18.5,24.7,38.0,49.5,59.0
St. Francis PA,360,NEC,8-22,93.46755462280049,118.12121116181736,0.06344024700709168,-18.63082431837805,65.57731426850792,47.2,53.0,32.6,35.4,32.9,31.3,21.2,17.1,33.2,35.4,45.7,52.9
Coppin St.,361,MEAC,2-27,85.34491397846605,111.30567258999716,0.04503809711975361,-23.032171339386913,66.42460890547862,42.1,51.3,31.1,38.3,27.0,38.6,22.9,21.8,28.3,34.5,41.9,51.0
Mississippi Valley St.,362,SWAC,1-30,85.93239242253046,115.87116934418802,0.031142071683710953,-22.715916447500028,64.63834574437432,42.5,55.60000000000001,33.0,41.6,27.9,35.699999999999996,24.0,17.2,29.2,37.0,41.9,55.6
